Area code,Area name,Latitude,Longitude,Region,Female_LifeExp,Male_LifeExp,Mean_LifeExp,IMD_Score,Income_Score,Employment_Score,Education_Score,Health_Score,Crime_Score,LivingEnvironment_Score,Median_Age,Population_Density,Age 65+%
E06000001,Hartlepool,54.67613983,-1.27018929,North East,81.12,76.7,78.91,35.037,0.228,0.185,30.255,0.869,0.566,6.943,41.7,996.0,19.429
E06000002,Middlesbrough,54.54467773,-1.21099806,North East,80.46,75.68,78.07,40.46,0.251,0.191,38.85,1.194,0.701,12.929,36.3,2611.0,16.384
E06000003,Redcar and Cleveland,54.56752396,-1.00608563,North East,81.69,78.18,79.935,29.792,0.186,0.165,27.768,0.79,0.138,7.793,45.2,560.0,22.628
E06000004,Stockton-on-Tees,54.55691147,-1.30664527,North East,81.56,78.48,80.02000000000001,25.79,0.164,0.135,24.786,0.684,-0.111,6.007,40.7,963.0,18.456
E06000005,Darlington,54.53534317,-1.56835592,North East,81.81,78.74,80.275,25.657,0.153,0.128,27.402,0.532,0.558,8.8,43.2,542.0,20.54
E06000006,Halton,53.33424759,-2.68853784,North West,81.54,77.39,79.465,32.325,0.185,0.158,29.565,0.93,0.272,19.914,40.9,1638.0,18.4
E06000007,Warrington,53.39163208,-2.56167793,North West,82.78,79.07,80.925,18.942,0.109,0.097,18.671,0.278,-0.137,17.006,42.3,1160.0,18.877
E06000008,Blackburn with Darwen,53.70080566,-2.46360445,North West,80.65,77.53,79.09,36.013,0.212,0.162,34.512,1.049,0.409,32.083,36.5,1093.0,14.545
E06000009,Blackpool,53.82164383,-3.02199483,North West,79.7,74.71,77.205,45.039,0.247,0.209,38.502,1.643,0.815,39.531,43.4,3984.0,20.434
E06000010,"Kingston upon Hull, City of",53.76920319,-0.30382553,Yorkshire and The Humber,80.4,76.16,78.28,40.564,0.227,0.166,41.672,0.853,0.841,34.324,35.8,3659.0,15.137
E06000011,East Riding of Yorkshire,53.88112259,-0.66195875,Yorkshire and The Humber,83.77,80.38,82.07499999999999,15.605,0.096,0.085,17.434,-0.39,-0.542,17.541,49.2,142.0,26.188
E06000012,North East Lincolnshire,53.52326965,-0.13911027,Yorkshire and The Humber,81.99,77.73,79.86,31.335,0.19,0.145,35.861,0.38,0.484,26.35,42.6,831.0,20.601
E06000013,North Lincolnshire,53.58643341,-0.5240764,Yorkshire and The Humber,82.49,78.96,80.725,22.096,0.133,0.109,28.419,0.233,0.111,15.331,44.3,204.0,21.276
E06000014,York,53.96582413,-1.07375312,Yorkshire and The Humber,83.55,80.11,81.83,11.727,0.072,0.058,15.698,-0.316,-0.816,18.292,37.7,774.0,18.391
E06000015,Derby,52.91464233,-1.47189558,East Midlands,82.05,78.69,80.37,26.323,0.158,0.115,33.417,0.526,-0.105,21.078,37.0,3299.0,16.472
E06000016,Leicester,52.63592148,-1.13040936,East Midlands,82.2,77.66,79.93,30.877,0.196,0.119,37.277,0.594,0.484,25.981,31.6,4852.0,12.173
E06000017,Rutland,52.66765976,-0.6263085,East Midlands,85.21,82.96,84.085,8.381,0.056,0.049,7.826,-1.048,-1.205,15.669,47.6,105.0,25.454
E06000018,Nottingham,52.95419693,-1.16667604,East Midlands,81.1,76.99,79.04499999999999,34.891,0.199,0.136,37.51,0.861,0.438,29.791,29.7,4439.0,11.649
E06000019,"Herefordshire, County of",52.0815506,-2.73931074,West Midlands,84.12,79.82,81.97,18.89,0.098,0.08,20.465,-0.312,-0.612,34.71,47.4,88.0,24.723
E06000020,Telford and Wrekin,52.71417618,-2.48941112,West Midlands,82.07,78.73,80.4,24.988,0.156,0.12,27.926,0.446,0.19,9.424,39.5,620.0,17.285
E06000021,Stoke-on-Trent,53.0170784,-2.15888834,West Midlands,80.29,76.51,78.4,34.504,0.19,0.152,38.935,1.037,0.504,23.446,37.8,2757.0,17.184
E06000022,Bath and North East Somerset,51.35604858,-2.48654437,South West,85.11,81.19,83.15,11.745,0.079,0.063,14.043,-0.668,-0.279,13.986,38.2,559.0,18.978
E06000023,"Bristol, City of",51.47115326,-2.57742095,South West,82.81,78.71,80.75999999999999,26.363,0.141,0.102,27.137,0.322,0.756,22.596,32.4,4213.0,13.023
E06000024,North Somerset,51.39707184,-2.75439787,South West,84.58,80.64,82.61,15.825,0.101,0.09,16.945,-0.263,-0.164,9.682,46.0,575.0,24.013
E06000025,South Gloucestershire,51.54673386,-2.46922302,South West,84.44,81.53,82.985,11.66,0.074,0.062,18.385,-0.813,-0.222,9.496,40.6,574.0,18.835
E06000026,Plymouth,50.40494537,-4.11297798,South West,82.27,78.77,80.52,26.619,0.148,0.128,25.623,0.666,-0.051,25.786,38.6,3276.0,18.516
E06000027,Torbay,50.47092438,-3.55523586,South West,82.69,79.03,80.86,28.104,0.174,0.15,25.498,0.504,0.028,21.199,49.1,2163.0,26.868
E06000030,Swindon,51.57764053,-1.73367822,South West,83.48,80.2,81.84,18.622,0.109,0.082,24.621,0.007,0.209,14.221,40.1,966.0,16.274
E06000031,Peterborough,52.59214783,-0.26874471,East of England,82.61,78.71,80.66,27.821,0.156,0.112,34.571,0.413,0.523,17.397,36.7,590.0,14.858
E06000032,Luton,51.89102173,-0.4231984,East of England,82.55,78.59,80.57,25.908,0.155,0.1,27.432,0.294,0.392,22.093,34.6,4955.0,12.645
E06000033,Southend-on-Sea,51.54917526,0.70692259,East of England,82.41,78.89,80.65,22.375,0.144,0.111,25.052,0.062,0.203,17.07,41.8,4360.0,19.454
E06000034,Thurrock,51.50998306,0.33486068,East of England,82.77,79.3,81.035,20.928,0.13,0.088,30.002,-0.234,0.284,16.481,36.9,1070.0,13.802
E06000035,Medway,51.4477272,0.56317353,South East,82.71,79.1,80.905,23.936,0.134,0.105,28.026,0.075,0.555,25.313,38.2,1436.0,16.104
E06000036,Bracknell Forest,51.41130447,-0.73363179,South East,85.23,81.7,83.465,10.241,0.068,0.053,17.048,-0.907,-0.856,4.595,39.3,1124.0,14.697
E06000037,West Berkshire,51.44559479,-1.27364171,South East,85.22,81.95,83.58500000000001,9.952,0.064,0.053,13.476,-0.888,-0.665,15.225,43.5,225.0,19.292
E06000038,Reading,51.45302582,-0.99070984,South East,83.28,79.61,81.445,19.619,0.114,0.074,20.993,-0.034,0.092,22.108,34.8,4045.0,12.529
E06000039,Slough,51.50350189,-0.57617581,South East,82.54,79.12,80.83000000000001,22.965,0.126,0.08,19.963,0.147,0.412,22.387,35.0,4531.0,10.167
E06000040,Windsor and Maidenhead,51.48034286,-0.67541361,South East,84.9,81.52,83.21000000000001,8.376,0.058,0.046,9.133,-1.033,-0.478,14.079,42.3,769.0,18.791
E06000041,Wokingham,51.42295837,-0.89935571,South East,85.63,82.25,83.94,5.846,0.044,0.038,6.223,-1.545,-0.981,6.522,41.6,956.0,17.618
E06000042,Milton Keynes,52.07241821,-0.74070525,South East,83.34,79.55,81.445,17.98,0.111,0.078,19.205,-0.158,-0.137,10.265,38.0,872.0,14.17
E06000043,Brighton and Hove,50.84650803,-0.15079907,South East,83.21,78.89,81.05,20.761,0.123,0.094,18.639,0.097,-0.066,24.849,35.3,3505.0,13.352
E06000044,Portsmouth,50.80800247,-1.07006192,South East,82.02,78.29,80.155,26.899,0.134,0.09,27.706,0.27,0.652,43.313,34.1,5373.0,14.161
E06000045,Southampton,50.92120743,-1.39952838,South East,82.47,78.6,80.535,26.876,0.135,0.093,26.939,0.541,0.881,32.666,32.3,5050.0,13.414
E06000046,Isle of Wight,50.67129135,-1.33366287,South East,83.55,79.63,81.59,23.294,0.138,0.124,26.09,0.084,-0.2,28.693,50.6,373.0,28.346
E06000047,County Durham,54.68513107,-1.84050834,North East,81.74,78.22,79.97999999999999,26.793,0.165,0.143,24.986,0.71,0.26,5.681,43.4,238.0,20.836
E06000049,Cheshire East,53.1679306,-2.29299593,North West,84.03,80.27,82.15,14.475,0.083,0.075,14.428,-0.186,-0.382,17.689,46.4,329.0,22.98
E06000050,Cheshire West and Chester,53.16336441,-2.7029829,North West,83.38,80.12,81.75,18.083,0.108,0.095,18.227,0.089,-0.284,18.849,44.5,374.0,21.626
E06000051,Shropshire,52.62212372,-2.7366724,West Midlands,83.56,80.55,82.055,17.153,0.096,0.078,17.851,-0.348,-0.576,28.49,47.8,101.0,24.684
E06000052,Cornwall,50.45022964,-4.64254618,South West,83.47,79.61,81.53999999999999,23.072,0.13,0.108,19.031,0.054,-0.713,39.931,47.6,161.0,25.013
E06000054,Wiltshire,51.32883835,-1.92661607,South West,84.77,80.96,82.865,13.447,0.078,0.065,16.99,-0.587,-0.532,17.66,44.9,154.0,21.688
E06000055,Bedford,52.19628906,-0.45463514,East of England,83.44,79.53,81.485,18.932,0.114,0.09,19.05,-0.119,-0.116,19.761,40.5,364.0,17.846
E06000056,Central Bedfordshire,51.99903488,-0.47754318,East of England,84.48,80.9,82.69,12.152,0.077,0.059,17.131,-0.712,-0.235,14.341,41.1,403.0,17.936
E06000057,Northumberland,55.30037308,-2.07523489,North East,82.72,79.29,81.005,22.079,0.126,0.118,22.596,0.189,-0.139,10.01,48.4,64.0,24.744
E06000058,"Bournemouth, Christchurch and Poole",50.74608994,-1.84807026,South West,83.77,80.41,82.09,18.173,0.112,0.091,19.384,-0.039,-0.108,17.888,42.7,2455.0,21.829
E06000059,Dorset,50.796978,-2.41467595,South West,85.03,81.23,83.13,15.735,0.088,0.08,18.456,-0.346,-0.719,18.651,51.0,152.0,29.074
E07000008,Cambridge,52.20017624,0.12643614,East of England,84.31,81.0,82.655,14.855,0.077,0.055,10.254,-0.505,0.151,28.653,30.3,3044.0,13.112
E07000009,East Cambridgeshire,52.35788345,0.28314877,East of England,84.82,80.91,82.865,11.507,0.07,0.055,16.407,-0.957,-0.743,14.671,43.4,138.0,20.414
E07000010,Fenland,52.53544617,0.00901581,East of England,82.01,78.61,80.31,25.426,0.14,0.112,37.913,0.501,-0.032,15.459,45.0,187.0,23.02
E07000011,Huntingdonshire,52.35315323,-0.2247034,East of England,84.24,81.33,82.785,12.55,0.074,0.062,18.129,-0.608,-0.404,14.752,43.5,196.0,20.196
E07000012,South Cambridgeshire,52.10805511,0.09101724,East of England,85.7,82.87,84.285,8.496,0.056,0.046,6.605,-1.147,-0.54,13.177,43.1,176.0,19.602
E07000026,Allerdale,54.68524933,-3.28090668,North West,82.09,79.38,80.735,22.938,0.121,0.113,27.873,0.189,-0.586,26.231,48.3,79.0,24.707
E07000027,Barrow-in-Furness,54.15731812,-3.19990015,North West,81.48,77.64,79.56,31.117,0.159,0.152,26.498,1.251,-0.431,34.96,45.0,860.0,21.771
E07000028,Carlisle,54.9783287,-2.80498338,North West,82.79,78.31,80.55000000000001,21.997,0.116,0.107,28.799,0.335,-0.323,19.268,45.1,105.0,21.916
E07000029,Copeland,54.46617889,-3.37664437,North West,81.59,78.68,80.135,25.012,0.13,0.128,29.577,0.737,-0.81,19.053,47.1,93.0,22.736
E07000030,Eden,54.63107681,-2.62678146,North West,85.16,82.32,83.74,16.328,0.07,0.061,18.838,-0.544,-1.219,41.667,50.8,25.0,26.952
E07000031,South Lakeland,54.29908371,-2.7810812,North West,85.11,81.4,83.255,12.501,0.063,0.061,12.03,-0.485,-1.16,32.564,51.3,69.0,28.487
E07000032,Amber Valley,53.02884674,-1.46219921,East Midlands,82.99,80.0,81.495,17.97,0.109,0.095,25.729,0.114,-0.748,16.483,46.1,484.0,22.221
E07000033,Bolsover,53.23875809,-1.27228081,East Midlands,81.89,77.75,79.82,25.047,0.147,0.132,35.813,0.634,-0.509,14.062,44.0,504.0,20.099
E07000034,Chesterfield,53.25575256,-1.40115511,East Midlands,81.67,78.2,79.935,24.926,0.153,0.136,25.625,0.904,-0.643,8.632,44.6,1589.0,21.214
E07000035,Derbyshire Dales,53.12326813,-1.70711911,East Midlands,85.24,81.39,83.315,11.895,0.068,0.061,12.391,-0.568,-1.171,24.185,51.1,91.0,27.211
E07000036,Erewash,52.93820953,-1.35090768,East Midlands,83.05,79.41,81.22999999999999,18.818,0.12,0.101,26.859,0.007,-0.406,20.283,43.9,1049.0,20.559
E07000037,High Peak,53.38570023,-1.84398901,East Midlands,83.02,79.78,81.4,15.642,0.097,0.087,17.583,0.008,-0.707,19.45,46.1,172.0,21.328
E07000038,North East Derbyshire,53.16243362,-1.44253874,East Midlands,82.71,79.61,81.16,17.399,0.112,0.103,23.38,0.143,-0.972,12.548,47.9,368.0,24.82
E07000039,South Derbyshire,52.82490158,-1.53480911,East Midlands,82.77,79.58,81.175,14.494,0.083,0.071,20.837,-0.176,-0.662,18.192,42.0,317.0,18.356
E07000040,East Devon,50.75761032,-3.22359729,South West,85.45,81.28,83.36500000000001,12.764,0.081,0.072,14.52,-0.672,-0.938,21.903,51.2,180.0,30.362
E07000041,Exeter,50.71782303,-3.51368594,South West,83.72,78.99,81.35499999999999,16.215,0.095,0.077,18.085,-0.09,-0.352,23.485,33.6,2796.0,16.018
E07000042,Mid Devon,50.86882401,-3.59212065,South West,84.55,81.1,82.82499999999999,16.928,0.093,0.077,19.625,-0.757,-0.911,35.035,46.7,90.0,23.548
E07000043,North Devon,51.07621002,-3.92691612,South West,83.54,80.61,82.075,20.559,0.11,0.092,20.6,0.099,-0.728,28.635,48.0,89.0,25.261
E07000044,South Hams,50.37195206,-3.81995964,South West,85.35,81.83,83.59,13.724,0.087,0.074,8.381,-0.598,-1.026,28.759,51.5,98.0,28.256
E07000045,Teignbridge,50.60980988,-3.65289545,South West,84.6,80.8,82.69999999999999,15.893,0.101,0.084,15.698,-0.268,-0.648,25.047,49.4,199.0,26.6
E07000046,Torridge,50.90739059,-4.21728659,South West,82.94,79.65,81.295,23.269,0.121,0.101,24.535,0.116,-0.894,36.788,50.7,69.0,27.735
E07000047,West Devon,50.66489029,-4.03361893,South West,83.88,80.71,82.29499999999999,18.052,0.098,0.084,13.317,-0.186,-0.968,37.429,51.3,48.0,27.975
E07000061,Eastbourne,50.77387238,0.25851598,South East,83.15,78.7,80.92500000000001,22.11,0.141,0.119,24.884,0.038,-0.045,14.178,45.8,2358.0,25.082
E07000062,Hastings,50.86724472,0.57839531,South East,81.47,77.67,79.57,34.281,0.202,0.16,33.115,0.633,0.46,22.811,43.4,3089.0,20.335
E07000063,Lewes,50.8334198,0.0076714,South East,85.0,80.7,82.85,15.758,0.099,0.083,20.567,-0.404,-0.517,14.585,48.0,354.0,25.841
E07000064,Rother,50.94871902,0.54293698,South East,83.85,80.25,82.05,19.768,0.113,0.1,19.528,-0.082,-0.419,22.97,53.1,189.0,32.146
E07000065,Wealden,50.93322754,0.20515551,South East,84.81,81.27,83.03999999999999,12.311,0.073,0.06,14.304,-0.97,-0.746,20.914,49.0,194.0,26.107
E07000066,Basildon,51.59037018,0.4750554,East of England,83.0,79.31,81.155,23.243,0.138,0.102,32.304,-0.092,0.41,10.265,39.3,1702.0,17.222
E07000067,Braintree,51.91633987,0.57591105,East of England,83.01,80.09,81.55000000000001,14.723,0.092,0.075,21.593,-0.382,-0.29,13.819,43.6,249.0,20.379
E07000068,Brentwood,51.64108658,0.29009101,East of England,84.79,81.15,82.97,10.007,0.064,0.051,12.123,-1.059,-0.061,9.72,43.3,503.0,20.365
E07000069,Castle Point,51.56159973,0.58808386,East of England,83.53,80.07,81.8,16.842,0.107,0.087,29.411,-0.311,-0.204,8.887,46.9,2008.0,25.365
E07000070,Chelmsford,51.73503876,0.49117741,East of England,84.39,81.42,82.905,12.221,0.077,0.063,13.338,-0.85,-0.227,12.476,41.6,526.0,19.23
E07000071,Colchester,51.87702942,0.85977697,East of England,83.43,80.46,81.945,16.778,0.099,0.076,17.449,-0.13,-0.105,12.819,37.8,592.0,17.266
E07000072,Epping Forest,51.71279526,0.15414664,East of England,83.96,81.14,82.55,15.068,0.091,0.066,19.608,-0.778,0.308,16.876,42.7,388.0,19.697
E07000073,Harlow,51.7661438,0.10388812,East of England,82.88,78.78,80.83,21.413,0.134,0.097,26.764,0.203,0.222,3.885,37.5,2809.0,15.392
E07000074,Maldon,51.77458954,0.77310628,East of England,83.58,80.93,82.255,14.169,0.086,0.071,20.526,-0.555,-0.628,17.556,49.2,181.0,25.34
E07000075,Rochford,51.59090805,0.68344229,East of England,84.36,81.4,82.88,10.449,0.073,0.059,20.451,-0.953,-0.589,6.551,46.2,517.0,23.204
E07000076,Tendring,51.85674286,1.10898137,East of England,81.72,78.2,79.96000000000001,30.484,0.173,0.153,35.781,0.693,0.205,19.782,50.8,434.0,29.818
E07000077,Uttlesford,51.93592072,0.29448542,East of England,85.7,82.78,84.24000000000001,9.258,0.054,0.041,9.793,-1.308,-0.551,14.464,43.9,142.0,19.642
E07000078,Cheltenham,51.89861679,-2.07515574,South West,83.84,80.56,82.2,14.26,0.091,0.074,15.212,-0.167,-0.149,13.496,40.7,2475.0,19.698
E07000079,Cotswold,51.7725563,-1.97059631,South West,84.93,82.72,83.825,11.061,0.064,0.049,11.074,-0.891,-1.042,21.075,49.1,77.0,25.852
E07000080,Forest of Dean,51.8125,-2.47755098,South West,83.95,80.76,82.355,18.013,0.107,0.092,23.968,-0.432,-0.822,24.988,48.2,165.0,24.719
E07000081,Gloucester,51.84641647,-2.23263431,South West,82.75,78.66,80.705,21.807,0.126,0.101,26.928,0.378,-0.23,14.195,39.2,3149.0,16.901
E07000082,Stroud,51.72001266,-2.30818748,South West,84.09,80.8,82.445,10.797,0.078,0.067,11.741,-0.591,-1.02,14.931,46.7,260.0,22.6
E07000083,Tewkesbury,51.93485641,-2.19998574,South West,84.97,81.12,83.045,12.142,0.077,0.061,15.883,-0.592,-0.845,15.408,44.5,230.0,22.079
E07000084,Basingstoke and Deane,51.2593689,-1.22021604,South East,84.23,80.38,82.305,12.823,0.071,0.059,16.648,-0.52,-0.149,11.394,41.3,279.0,17.537
E07000085,East Hampshire,51.05765915,-0.93971652,South East,84.78,81.34,83.06,10.284,0.06,0.053,10.782,-0.909,-0.392,17.533,47.1,238.0,23.388
E07000086,Eastleigh,50.94871902,-1.32943356,South East,84.94,81.51,83.225,10.192,0.066,0.056,14.99,-0.786,-0.233,14.075,42.1,1670.0,19.633
E07000087,Fareham,50.85388565,-1.23742843,South East,84.77,82.25,83.50999999999999,9.019,0.056,0.051,10.646,-0.838,-0.528,16.235,46.7,1571.0,23.691
E07000088,Gosport,50.80636597,-1.1673125,South East,83.08,78.91,80.995,20.541,0.107,0.089,30.357,0.062,0.337,22.557,42.7,3394.0,20.415
E07000089,Hart,51.28197098,-0.88321525,South East,85.14,83.21,84.175,5.544,0.042,0.035,6.429,-1.529,-0.659,8.233,43.7,452.0,19.856
E07000090,Havant,50.87231445,-1.00398791,South East,83.57,80.56,82.065,21.806,0.126,0.103,30.68,0.056,0.267,16.939,45.9,2295.0,23.537
E07000091,New Forest,50.85748291,-1.59292984,South East,85.33,81.82,83.57499999999999,13.015,0.077,0.069,15.074,-0.628,-0.192,13.986,50.8,239.0,29.268
E07000092,Rushmoor,51.27815628,-0.76807731,South East,83.53,80.84,82.185,15.903,0.104,0.065,19.017,-0.126,-0.007,13.063,38.8,2426.0,14.891
E07000093,Test Valley,51.13417053,-1.50214505,South East,84.72,81.38,83.05,11.931,0.066,0.056,13.466,-0.736,-0.453,16.491,45.0,201.0,21.726
E07000094,Winchester,51.03002167,-1.24393809,South East,85.38,81.31,83.345,9.615,0.058,0.048,8.774,-1.061,-0.534,17.473,43.7,189.0,21.38
E07000095,Broxbourne,51.72080612,-0.05073315,East of England,84.87,80.42,82.64500000000001,17.989,0.108,0.077,25.104,-0.693,0.068,14.492,40.2,1907.0,17.851
E07000096,Dacorum,51.76845169,-0.55098075,East of England,84.06,81.66,82.86,13.004,0.085,0.066,16.579,-0.743,-0.05,9.537,40.7,730.0,17.345
E07000098,Hertsmere,51.68017197,-0.26899096,East of England,84.41,80.44,82.425,13.938,0.089,0.069,13.77,-0.668,0.012,12.905,40.9,1039.0,18.36
E07000099,North Hertfordshire,51.9573822,-0.22314332,East of England,84.19,80.98,82.58500000000001,11.627,0.079,0.064,12.868,-0.712,-0.362,13.089,42.2,356.0,19.212
E07000102,Three Rivers,51.65631866,-0.45005265,East of England,84.08,81.19,82.63499999999999,9.871,0.071,0.054,12.196,-1.106,-0.429,9.181,41.8,1049.0,18.218
E07000103,Watford,51.67170334,-0.40428957,East of England,82.51,79.34,80.92500000000001,15.41,0.092,0.068,12.578,-0.406,0.168,22.088,37.0,4599.0,13.312
E07000105,Ashford,51.13095856,0.82337439,South East,83.99,80.55,82.27,18.546,0.11,0.083,22.784,-0.473,0.122,15.135,42.0,224.0,19.44
E07000106,Canterbury,51.28102875,1.09634244,South East,83.44,79.12,81.28,16.798,0.1,0.078,18.271,-0.177,0.091,11.947,38.2,535.0,20.642
E07000107,Dartford,51.43373489,0.24527587,South East,82.53,79.69,81.11,18.812,0.095,0.071,19.595,-0.247,0.579,26.217,37.3,1543.0,14.097
E07000108,Dover,51.21176147,1.2768873,South East,82.72,79.33,81.025,22.161,0.134,0.113,24.745,-0.033,0.151,16.133,46.6,375.0,23.524
E07000109,Gravesham,51.396492,0.39874393,South East,83.71,79.41,81.56,21.414,0.122,0.095,27.216,-0.152,0.826,18.842,39.7,1080.0,17.351
E07000110,Maidstone,51.23566437,0.58406109,South East,83.61,80.42,82.015,16.503,0.095,0.073,18.885,-0.49,0.003,22.247,41.4,437.0,19.21
E07000111,Sevenoaks,51.27563095,0.18893589,South East,84.36,82.29,83.325,12.437,0.075,0.058,13.179,-1.037,0.128,17.288,44.3,327.0,21.613
E07000112,Folkestone and Hythe,51.07213211,1.00079465,South East,82.63,78.8,80.715,24.149,0.145,0.123,25.876,0.128,-0.011,19.517,47.3,317.0,24.807
E07000113,Swale,51.3225174,0.77689278,South East,82.57,79.21,80.88999999999999,27.076,0.149,0.12,34.111,0.23,0.461,19.252,41.1,401.0,19.219
E07000114,Thanet,51.3525238,1.32822549,South East,82.51,77.79,80.15,31.314,0.185,0.155,32.475,0.379,0.675,18.633,45.1,1378.0,23.83
E07000115,Tonbridge and Malling,51.26065063,0.34930581,South East,84.69,80.46,82.57499999999999,13.333,0.08,0.065,17.262,-0.734,-0.192,14.998,42.2,551.0,18.844
E07000116,Tunbridge Wells,51.10254669,0.47163156,South East,84.21,80.99,82.6,11.31,0.073,0.059,12.294,-0.877,-0.392,19.705,43.2,359.0,19.42
E07000117,Burnley,53.77406693,-2.2308073,North West,80.79,76.28,78.535,37.793,0.203,0.163,35.598,1.087,0.774,37.221,40.0,801.0,18.746
E07000118,Chorley,53.67240143,-2.61921573,North West,82.45,78.88,80.66499999999999,16.863,0.102,0.091,15.628,0.179,-0.22,18.205,43.5,582.0,19.963
E07000119,Fylde,53.79709244,-2.91914725,North West,83.34,79.76,81.55000000000001,15.875,0.096,0.096,12.511,0.208,-0.562,18.923,50.5,487.0,27.584
E07000120,Hyndburn,53.75648117,-2.38964367,North West,81.15,76.91,79.03,34.333,0.182,0.151,30.772,1.068,0.441,40.82,39.8,1110.0,18.491
E07000121,Lancaster,54.07901001,-2.66030431,North West,82.45,78.63,80.53999999999999,24.165,0.129,0.106,20.064,0.512,0.009,32.233,39.5,254.0,19.93
E07000122,Pendle,53.88636398,-2.18957543,North West,81.61,78.07,79.84,30.723,0.168,0.132,32.825,0.653,0.067,46.129,39.7,545.0,18.684
E07000123,Preston,53.82202148,-2.7180953,North West,81.15,77.59,79.37,29.531,0.162,0.123,26.411,0.758,0.495,34.357,35.3,1008.0,14.741
E07000124,Ribble Valley,53.92450714,-2.41740084,North West,84.34,80.83,82.58500000000001,10.594,0.057,0.06,7.396,-0.454,-0.802,23.207,48.1,104.0,23.711
E07000125,Rossendale,53.68478012,-2.26149249,North West,81.67,78.14,79.905,24.062,0.145,0.122,21.724,0.344,0.087,26.183,42.5,518.0,18.736
E07000126,South Ribble,53.72675705,-2.72871566,North West,83.48,80.1,81.78999999999999,15.33,0.091,0.081,14.155,0.093,-0.321,23.616,44.6,980.0,21.483
E07000127,West Lancashire,53.61283493,-2.86893272,North West,82.53,79.46,80.995,18.645,0.123,0.105,19.109,0.008,-0.472,14.123,44.6,329.0,22.145
E07000128,Wyre,53.8999176,-2.80359101,North West,82.24,77.86,80.05,20.858,0.125,0.112,19.271,0.427,-0.394,19.488,49.9,397.0,27.773
E07000129,Blaby,52.57706833,-1.19887924,East Midlands,85.05,81.89,83.47,10.629,0.069,0.059,16.8,-0.497,-0.255,11.911,42.9,781.0,20.339
E07000130,Charnwood,52.7399025,-1.13694823,East Midlands,83.77,80.74,82.255,13.238,0.084,0.066,18.295,-0.451,-0.156,15.702,38.4,666.0,18.149
E07000131,Harborough,52.53765869,-0.90229785,East Midlands,84.96,81.68,83.32,8.015,0.056,0.047,10.977,-1.084,-0.65,10.643,46.2,158.0,21.938
E07000132,Hinckley and Bosworth,52.60877609,-1.41755402,East Midlands,83.8,80.63,82.215,13.461,0.082,0.071,21.59,-0.442,-0.201,13.976,45.1,381.0,22.088
E07000133,Melton,52.80329132,-0.85440296,East Midlands,84.26,81.05,82.655,12.532,0.072,0.059,15.417,-0.574,-0.554,18.782,47.6,106.0,23.053
E07000134,North West Leicestershire,52.74250412,-1.42209911,East Midlands,83.49,79.95,81.72,14.573,0.09,0.079,22.006,-0.169,-0.299,12.045,43.9,371.0,20.053
E07000135,Oadby and Wigston,52.58875656,-1.09300768,East Midlands,84.68,79.96,82.32,12.958,0.086,0.071,17.704,-0.189,-0.436,9.13,42.6,2376.0,21.682
E07000136,Boston,52.97794342,-0.11218222,East Midlands,82.24,78.1,80.16999999999999,22.967,0.128,0.101,42.053,0.083,-0.541,21.222,41.9,192.0,20.931
E07000137,East Lindsey,53.26446152,0.0205162,East Midlands,82.21,78.21,80.21,29.892,0.162,0.148,32.359,0.571,-0.604,26.393,52.4,80.0,30.015
E07000138,Lincoln,53.21921158,-0.55848902,East Midlands,80.5,77.14,78.82,26.889,0.155,0.121,30.752,0.653,0.101,15.438,33.4,2758.0,15.38
E07000139,North Kesteven,53.08058167,-0.47670698,East Midlands,83.33,80.37,81.85,11.553,0.081,0.071,13.244,-0.602,-1.406,13.252,46.3,127.0,23.59
E07000140,South Holland,52.78758621,-0.03058803,East Midlands,83.11,79.57,81.34,17.896,0.103,0.084,32.664,-0.214,-0.744,14.623,46.4,127.0,24.228
E07000141,South Kesteven,52.84885788,-0.49565244,East Midlands,83.94,80.86,82.4,13.499,0.091,0.074,15.959,-0.525,-0.937,13.151,46.5,151.0,23.162
E07000142,West Lindsey,53.40044785,-0.50774544,East Midlands,83.18,79.89,81.535,20.355,0.123,0.109,19.889,-0.049,-0.84,21.565,48.2,83.0,24.791
E07000143,Breckland,52.59420776,0.81871563,East of England,83.96,79.9,81.93,19.614,0.1,0.086,33.049,-0.038,-0.586,18.319,46.8,107.0,25.099
E07000144,Broadland,52.6962204,1.25231695,East of England,85.18,81.54,83.36000000000001,11.817,0.072,0.069,16.17,-0.533,-1.059,15.325,48.1,237.0,25.821
E07000145,Great Yarmouth,52.68439484,1.64951026,East of England,82.67,78.46,80.565,33.097,0.184,0.162,42.049,0.587,0.074,24.196,45.9,571.0,24.427
E07000146,King’s Lynn and West Norfolk,52.71283722,0.53324348,East of England,82.69,79.76,81.225,23.72,0.12,0.103,33.164,0.426,-0.679,23.673,47.9,105.0,26.204
E07000147,North Norfolk,52.83388901,1.13209856,East of England,84.95,80.77,82.86,21.058,0.106,0.095,24.231,-0.021,-1.041,30.109,54.3,109.0,33.168
E07000148,Norwich,52.6401329,1.28497875,East of England,83.32,78.51,80.91499999999999,27.599,0.163,0.116,34.178,0.689,0.237,19.993,33.5,3604.0,15.113
E07000149,South Norfolk,52.51218414,1.37323284,East of England,85.08,81.27,83.175,13.318,0.078,0.067,15.43,-0.625,-0.911,22.0,46.2,155.0,24.002
E07000163,Craven,54.05376434,-2.16168284,Yorkshire and The Humber,85.04,81.31,83.17500000000001,12.76,0.067,0.064,12.235,-0.532,-1.098,33.925,50.6,49.0,27.327
E07000164,Hambleton,54.30872345,-1.34049714,Yorkshire and The Humber,84.6,81.77,83.185,11.987,0.067,0.058,14.659,-0.789,-1.235,22.413,49.9,70.0,26.457
E07000165,Harrogate,54.07707977,-1.58161652,Yorkshire and The Humber,84.86,80.85,82.85499999999999,10.897,0.062,0.056,10.342,-0.611,-0.964,22.427,47.5,123.0,23.577
E07000166,Richmondshire,54.35761261,-1.98552287,Yorkshire and The Humber,83.33,81.32,82.32499999999999,12.135,0.059,0.05,19.463,-0.667,-1.393,19.284,44.0,41.0,21.368
E07000167,Ryedale,54.2002182,-0.84277862,Yorkshire and The Humber,85.39,80.7,83.045,15.665,0.082,0.064,18.379,-0.551,-1.334,34.572,50.4,37.0,27.004
E07000168,Scarborough,54.34650421,-0.52778864,Yorkshire and The Humber,82.75,78.05,80.4,26.28,0.145,0.129,29.336,0.499,-0.462,28.305,50.1,133.0,27.529
E07000169,Selby,53.73327255,-1.129089,Yorkshire and The Humber,83.36,80.53,81.945,12.73,0.079,0.07,18.669,-0.523,-0.802,14.733,44.5,151.0,20.43
E07000170,Ashfield,53.09746933,-1.25422001,East Midlands,81.67,78.31,79.99000000000001,26.308,0.152,0.132,35.49,0.542,0.193,11.255,41.9,1163.0,19.376
E07000171,Bassetlaw,53.35604477,-0.97870082,East Midlands,82.29,78.8,80.545,22.588,0.122,0.114,27.32,0.419,0.002,14.867,45.7,184.0,22.165
E07000172,Broxtowe,52.97210312,-1.25944674,East Midlands,83.01,80.21,81.61,14.238,0.097,0.084,16.417,-0.286,-0.24,16.434,43.1,1425.0,21.132
E07000173,Gedling,53.0243454,-1.11907661,East Midlands,83.42,80.56,81.99000000000001,14.894,0.102,0.092,18.694,-0.256,-0.377,12.855,44.1,982.0,21.075
E07000174,Mansfield,53.16703033,-1.17804313,East Midlands,81.52,77.94,79.72999999999999,28.503,0.156,0.144,36.748,0.74,0.198,12.804,42.1,1420.0,19.442
E07000175,Newark and Sherwood,53.10960388,-0.94643545,East Midlands,82.78,79.88,81.33,19.227,0.109,0.101,25.939,-0.07,-0.298,16.017,45.4,188.0,22.125
E07000176,Rushcliffe,52.91240692,-1.01097715,East Midlands,84.48,81.36,82.92,7.18,0.059,0.054,5.775,-1.135,-0.911,12.123,43.9,291.0,21.15
E07000177,Cherwell,51.88720322,-1.28506005,South East,84.03,81.17,82.6,14.41,0.076,0.059,21.259,-0.387,-0.431,19.905,41.2,256.0,18.267
E07000178,Oxford,51.75357819,-1.24405694,South East,84.68,80.16,82.42,16.707,0.093,0.061,16.468,-0.271,-0.042,27.418,28.9,3314.0,12.49
E07000179,South Oxfordshire,51.62288284,-1.07847369,South East,85.53,82.19,83.86,8.459,0.054,0.043,11.952,-1.24,-0.774,15.269,44.4,209.0,21.108
E07000180,Vale of White Horse,51.65443802,-1.48543572,South East,85.15,82.34,83.745,8.358,0.057,0.048,11.619,-1.122,-1.055,12.408,42.5,235.0,20.186
E07000181,West Oxfordshire,51.83990479,-1.50291991,South East,84.96,81.77,83.365,8.684,0.059,0.048,13.309,-0.924,-1.05,11.238,44.7,155.0,21.828
E07000187,Mendip,51.194767,-2.54178667,South West,84.52,80.8,82.66,16.6,0.099,0.084,17.677,-0.254,-0.242,19.1,47.0,156.0,23.532
E07000188,Sedgemoor,51.19186783,-2.88246918,South West,83.97,80.31,82.14,21.306,0.117,0.1,25.31,-0.066,-0.083,28.549,46.9,218.0,23.927
E07000189,South Somerset,50.98399734,-2.77588749,South West,84.88,80.62,82.75,17.347,0.095,0.08,20.102,-0.25,-0.307,25.018,47.7,176.0,25.603
E07000192,Cannock Chase,52.70166397,-1.98277235,West Midlands,82.58,78.49,80.535,20.426,0.127,0.105,30.143,0.131,-0.162,15.205,42.6,1275.0,19.193
E07000193,East Staffordshire,52.8365097,-1.81438482,West Midlands,82.91,78.71,80.81,19.028,0.103,0.086,22.829,0.043,-0.213,29.436,41.9,309.0,19.274
E07000194,Lichfield,52.69615936,-1.76049483,West Midlands,83.6,80.31,81.955,12.566,0.084,0.074,15.448,-0.432,-0.595,11.842,46.6,316.0,24.048
E07000195,Newcastle-under-Lyme,53.0034523,-2.3263185,West Midlands,82.94,79.1,81.02,18.929,0.108,0.098,23.163,0.312,-0.162,16.399,41.9,613.0,20.675
E07000196,South Staffordshire,52.69692612,-2.15495157,West Midlands,84.14,80.32,82.22999999999999,13.124,0.086,0.072,16.784,-0.484,-0.425,17.731,48.0,276.0,24.655
E07000197,Stafford,52.84792709,-2.16475654,West Midlands,84.24,80.16,82.19999999999999,13.678,0.078,0.075,13.947,-0.216,-0.582,15.299,45.4,230.0,22.464
E07000198,Staffordshire Moorlands,53.06924057,-1.99334466,West Midlands,83.35,80.34,81.845,15.04,0.084,0.081,18.228,-0.249,-0.597,20.639,48.6,171.0,25.21
E07000199,Tamworth,52.62031555,-1.68451226,West Midlands,82.99,79.46,81.225,21.061,0.126,0.096,30.922,0.27,0.081,10.662,41.3,2474.0,19.077
E07000200,Babergh,52.06450272,0.91614908,East of England,85.09,81.64,83.36500000000001,14.267,0.08,0.066,17.815,-0.693,-0.362,19.409,48.8,155.0,26.32
E07000202,Ipswich,52.05592346,1.16614544,East of England,83.21,79.44,81.32499999999999,25.89,0.141,0.109,33.404,0.396,0.409,25.099,38.2,3423.0,16.822
E07000203,Mid Suffolk,52.2185936,1.09695327,East of England,84.87,81.63,83.25,13.225,0.071,0.056,15.8,-0.907,-0.642,22.648,47.8,119.0,24.611
E07000207,Elmbridge,51.36098099,-0.39441383,South East,85.5,82.57,84.035,7.944,0.057,0.043,7.012,-1.478,-0.223,13.087,43.0,1440.0,18.539
E07000208,Epsom and Ewell,51.33945847,-0.26172802,South East,87.0,82.29,84.64500000000001,8.833,0.056,0.047,8.46,-1.138,-0.057,13.507,41.5,2371.0,18.269
E07000209,Guildford,51.25366211,-0.56257904,South East,85.73,82.36,84.045,9.395,0.057,0.045,11.311,-0.968,-0.522,14.622,37.4,550.0,16.632
E07000210,Mole Valley,51.2274971,-0.30603874,South East,86.41,82.52,84.465,9.511,0.054,0.051,9.002,-0.867,-0.492,16.585,47.5,338.0,23.659
E07000211,Reigate and Banstead,51.258461,-0.19871359,South East,84.44,81.18,82.81,11.276,0.067,0.055,11.92,-0.671,-0.217,16.324,41.5,1153.0,18.197
E07000212,Runnymede,51.39273071,-0.53855026,South East,84.58,80.92,82.75,12.012,0.066,0.047,13.543,-0.78,-0.095,18.575,37.7,1146.0,16.921
E07000213,Spelthorne,51.41552734,-0.46253949,South East,84.24,80.9,82.57,14.943,0.079,0.061,18.213,-0.56,0.053,23.911,41.8,2219.0,18.574
E07000214,Surrey Heath,51.33610535,-0.68986672,South East,85.16,82.23,83.695,8.066,0.054,0.044,9.757,-0.95,-0.653,9.851,43.9,940.0,19.676
E07000215,Tandridge,51.23581696,-0.04805098,South East,85.02,81.34,83.18,11.896,0.063,0.054,12.767,-0.654,0.108,16.917,44.3,355.0,20.936
E07000216,Waverley,51.15686035,-0.62343293,South East,85.46,82.48,83.97,7.494,0.054,0.049,7.59,-0.917,-0.751,9.515,45.0,366.0,22.271
E07000217,Woking,51.30837631,-0.57982498,South East,84.96,82.47,83.715,10.804,0.067,0.055,10.152,-0.655,-0.235,13.645,41.1,1575.0,17.344
E07000218,North Warwickshire,52.56484222,-1.62420118,West Midlands,82.46,78.83,80.645,17.907,0.097,0.08,25.791,-0.109,-0.067,22.43,45.6,230.0,21.87
E07000219,Nuneaton and Bedworth,52.50094223,-1.47965884,West Midlands,82.46,77.82,80.13999999999999,23.54,0.136,0.113,30.122,0.279,0.295,18.541,41.3,1644.0,19.292
E07000220,Rugby,52.38227844,-1.31828034,West Midlands,83.42,80.49,81.955,14.119,0.087,0.069,15.666,-0.395,-0.064,17.229,41.2,310.0,19.034
E07000221,Stratford-on-Avon,52.16154861,-1.63565767,West Midlands,85.02,81.37,83.195,11.728,0.068,0.056,9.137,-0.626,-0.512,23.282,48.2,133.0,25.474
E07000222,Warwick,52.30142212,-1.58369684,West Midlands,84.96,81.43,83.195,12.005,0.07,0.057,9.664,-0.351,-0.199,17.826,39.7,508.0,18.829
E07000223,Adur,50.84572601,-0.32417554,South East,83.66,81.36,82.50999999999999,17.594,0.108,0.089,26.162,-0.055,-0.366,20.329,45.7,1531.0,23.539
E07000224,Arun,50.84321213,-0.64999628,South East,83.79,80.06,81.92500000000001,18.638,0.104,0.09,24.399,0.128,-0.236,14.402,49.7,727.0,28.853
E07000225,Chichester,50.94177628,-0.71630663,South East,84.43,81.22,82.825,14.085,0.079,0.064,14.874,-0.453,-0.622,24.211,49.3,154.0,27.41
E07000226,Crawley,51.1235733,-0.19533151,South East,84.11,80.21,82.16,18.94,0.11,0.077,27.892,-0.082,0.047,14.368,37.5,2498.0,13.589
E07000227,Horsham,51.00272369,-0.38126734,South East,85.44,82.48,83.96000000000001,9.89,0.056,0.051,9.597,-0.894,-0.718,16.75,46.3,271.0,22.798
E07000228,Mid Sussex,51.05953598,-0.10272419,South East,85.04,81.39,83.215,7.747,0.053,0.046,10.357,-1.227,-0.674,12.129,43.8,452.0,20.554
E07000229,Worthing,50.83309937,-0.40127176,South East,83.08,79.09,81.08500000000001,17.012,0.101,0.09,18.582,-0.085,-0.398,27.815,45.2,3351.0,22.578
E07000234,Bromsgrove,52.36169434,-2.00376534,West Midlands,83.83,80.74,82.285,11.697,0.073,0.064,11.127,-0.481,-0.148,12.136,45.5,460.0,22.651
E07000235,Malvern Hills,52.16758728,-2.33089304,West Midlands,83.47,80.82,82.145,16.066,0.092,0.08,11.978,-0.603,-0.431,27.831,50.8,136.0,28.179
E07000236,Redditch,52.28541946,-1.94710016,West Midlands,83.4,79.36,81.38,22.524,0.124,0.099,28.201,0.362,-0.065,8.412,40.2,1579.0,18.474
E07000237,Worcester,52.19482422,-2.21025252,West Midlands,83.29,79.36,81.325,20.414,0.117,0.092,20.437,0.038,0.087,26.35,38.7,3067.0,17.335
E07000238,Wychavon,52.1288681,-2.01614714,West Midlands,84.55,81.09,82.82,15.766,0.085,0.073,17.675,-0.559,-0.323,22.46,48.2,195.0,25.149
E07000239,Wyre Forest,52.3853035,-2.23494458,West Midlands,83.66,78.82,81.24,22.437,0.127,0.108,25.827,-0.058,0.083,23.294,46.8,519.0,24.935
E07000240,St Albans,51.7735672,-0.34070614,East of England,85.37,81.93,83.65,8.339,0.06,0.049,4.864,-1.31,-0.262,11.486,41.1,922.0,17.133
E07000241,Welwyn Hatfield,51.76087189,-0.18518008,East of England,83.92,80.8,82.36,14.215,0.086,0.063,16.161,-0.446,-0.142,12.436,35.7,946.0,15.543
E07000242,East Hertfordshire,51.86485672,0.00273888,East of England,84.71,81.6,83.155,8.188,0.06,0.048,8.693,-1.425,-0.404,11.087,42.7,315.0,18.134
E07000243,Stevenage,51.90539551,-0.18987159,East of England,82.71,78.99,80.85,19.695,0.122,0.094,25.396,-0.094,0.17,11.578,38.3,3379.0,15.392
E07000244,East Suffolk,52.24399567,1.45618594,East of England,83.7,80.5,82.1,19.56,0.112,0.098,24.332,-0.132,-0.414,22.849,49.3,198.0,27.479
E07000245,West Suffolk,52.30842972,0.65276903,East of England,84.23,81.03,82.63,16.245,0.081,0.066,23.483,-0.32,-0.315,14.182,41.3,173.0,21.234
E07000246,Somerset West and Taunton,51.06348801,-3.35766053,South West,84.23,80.14,82.185,19.142,0.104,0.089,18.929,-0.07,-0.216,25.147,47.9,131.0,25.876
E08000001,Bolton,53.58449936,-2.47952032,North West,81.93,77.75,79.84,30.691,0.186,0.143,26.349,0.589,0.71,25.702,38.9,2054.0,17.326
E08000002,Bury,53.59310532,-2.30880284,North West,82.17,79.02,80.595,23.682,0.145,0.124,18.863,0.308,0.419,21.779,40.3,1929.0,18.339
E08000003,Manchester,53.47008896,-2.23359513,North West,80.21,76.6,78.405,40.005,0.219,0.139,28.119,1.198,1.206,32.229,30.1,4766.0,9.305
E08000004,Oldham,53.55768204,-2.05274892,North West,80.99,77.55,79.27,33.155,0.193,0.145,35.509,0.663,0.863,27.966,37.1,1670.0,16.158
E08000005,Rochdale,53.60741806,-2.14784431,North West,81.17,77.12,79.14500000000001,34.415,0.201,0.158,31.135,0.842,0.936,19.437,38.1,1408.0,16.463
E08000006,Salford,53.47927094,-2.38485146,North West,81.01,77.54,79.275,34.21,0.191,0.147,30.934,0.995,0.686,24.23,34.8,2668.0,14.19
E08000007,Stockport,53.39116287,-2.1246736,North West,83.37,79.67,81.52000000000001,20.826,0.12,0.104,17.933,0.355,0.337,19.783,42.4,2329.0,20.014
E08000008,Tameside,53.47867203,-2.07700157,North West,80.76,77.51,79.135,31.374,0.175,0.143,29.128,0.855,0.721,24.589,40.1,2199.0,17.672
E08000009,Trafford,53.41671753,-2.36572099,North West,83.76,80.18,81.97,16.088,0.107,0.09,10.656,-0.072,-0.052,21.069,40.7,2239.0,17.351
E08000010,Wigan,53.51445389,-2.57246995,North West,81.44,77.62,79.53,25.713,0.148,0.131,26.672,0.618,0.386,13.392,42.1,1748.0,19.141
E08000011,Knowsley,53.43788528,-2.83297849,North West,80.33,76.83,78.58,43.006,0.251,0.202,41.894,1.381,0.22,27.953,39.5,1734.0,17.256
E08000012,Liverpool,53.40830612,-2.91364908,North West,80.39,76.46,78.425,42.412,0.235,0.176,33.793,1.347,0.591,42.039,34.8,4447.0,14.761
E08000013,St. Helens,53.45862198,-2.70310783,North West,81.32,77.86,79.59,31.518,0.182,0.165,27.804,1.069,0.201,18.217,43.0,1328.0,20.601
E08000014,Sefton,53.48210144,-2.99177051,North West,82.79,79.0,80.89500000000001,27.035,0.162,0.148,20.557,0.75,-0.08,24.85,46.5,1783.0,23.561
E08000015,Wirral,53.37478256,-3.06701899,North West,82.16,78.41,80.285,29.589,0.174,0.157,21.595,0.962,-0.053,27.427,44.4,2064.0,21.871
E08000016,Barnsley,53.52577591,-1.54925871,Yorkshire and The Humber,81.58,77.65,79.61500000000001,29.933,0.169,0.149,37.029,0.839,0.514,8.384,42.4,750.0,19.509
E08000017,Doncaster,53.52697372,-1.10894644,Yorkshire and The Humber,81.59,78.3,79.945,30.289,0.166,0.137,39.72,0.665,0.703,13.344,41.2,549.0,19.156
E08000018,Rotherham,53.39553833,-1.28651464,Yorkshire and The Humber,81.64,77.91,79.775,29.55,0.168,0.144,33.365,0.817,0.449,14.393,41.9,925.0,19.705
E08000019,Sheffield,53.40358734,-1.5425483,Yorkshire and The Humber,82.44,79.12,80.78,27.06,0.156,0.116,29.183,0.456,0.38,20.887,35.4,1589.0,16.148
E08000021,Newcastle upon Tyne,55.02101135,-1.65296984,North East,82.07,77.81,79.94,29.79,0.178,0.128,28.68,0.815,0.461,12.046,32.3,2680.0,14.477
E08000022,North Tyneside,55.028965,-1.50922978,North East,81.9,78.28,80.09,22.279,0.144,0.122,20.683,0.43,0.157,5.879,43.3,2536.0,20.25
E08000023,South Tyneside,54.96988297,-1.44679487,North East,81.63,76.98,79.305,31.509,0.206,0.172,27.364,0.863,0.333,4.609,43.4,2359.0,20.263
E08000024,Sunderland,54.85719681,-1.43344533,North East,81.43,77.1,79.265,30.586,0.192,0.161,30.423,0.828,0.409,4.528,42.2,2027.0,19.749
E08000025,Birmingham,52.48404312,-1.88141155,West Midlands,82.42,77.96,80.19,38.067,0.222,0.153,32.085,0.67,0.335,40.841,32.6,4261.0,13.086
E08000026,Coventry,52.41423798,-1.51908123,West Midlands,82.21,78.61,80.41,25.613,0.154,0.105,25.238,0.367,0.068,32.103,32.1,3753.0,13.52
E08000027,Dudley,52.49513626,-2.10171437,West Midlands,82.71,79.47,81.09,24.103,0.156,0.124,28.321,0.287,-0.131,24.049,42.0,3282.0,20.399
E08000028,Sandwell,52.51477814,-2.00771594,West Midlands,81.43,77.2,79.315,34.884,0.215,0.15,36.936,0.705,0.277,37.156,36.7,3819.0,15.031
E08000029,Solihull,52.43099976,-1.71558833,West Midlands,84.31,80.74,82.525,17.37,0.108,0.09,18.354,-0.256,-0.138,13.257,43.1,1216.0,21.088
E08000030,Walsall,52.60503387,-1.97044873,West Midlands,81.9,77.83,79.86500000000001,31.555,0.2,0.143,37.845,0.562,0.171,26.678,38.2,2745.0,17.557
E08000031,Wolverhampton,52.59788132,-2.12746382,West Midlands,81.88,77.3,79.59,32.102,0.211,0.154,31.717,0.607,0.066,26.558,37.8,3817.0,16.655
E08000032,Bradford,53.84382629,-1.87389529,Yorkshire and The Humber,81.95,78.09,80.02000000000001,34.666,0.189,0.137,37.34,0.632,0.919,36.543,36.5,1475.0,14.988
E08000033,Calderdale,53.72048187,-1.96182156,Yorkshire and The Humber,82.17,78.51,80.34,26.351,0.149,0.118,21.575,0.264,0.573,38.369,42.2,581.0,18.801
E08000034,Kirklees,53.64233398,-1.78085077,Yorkshire and The Humber,82.29,78.5,80.39500000000001,25.151,0.143,0.113,25.144,0.166,0.483,31.195,39.7,1075.0,17.758
E08000035,Leeds,53.82273102,-1.50736105,Yorkshire and The Humber,82.27,78.46,80.365,27.301,0.143,0.107,26.25,0.415,0.666,35.006,35.3,1437.0,15.573
E08000036,Wakefield,53.65922165,-1.42092538,Yorkshire and The Humber,81.84,77.87,79.855,27.306,0.147,0.132,35.794,0.539,0.514,14.29,41.6,1027.0,19.028
E08000037,Gateshead,54.93120575,-1.68680847,North East,81.71,77.64,79.675,28.217,0.167,0.139,26.881,0.824,0.357,11.259,41.5,1423.0,19.65
E09000002,Barking and Dagenham,51.54555511,0.1294792,London,82.12,77.83,79.975,32.768,0.194,0.117,25.513,0.204,0.542,29.103,32.5,5914.0,9.29
E09000003,Barnet,51.61108017,-0.21821079,London,85.8,82.35,84.07499999999999,16.148,0.111,0.073,7.83,-1.074,0.082,24.662,37.4,4550.0,14.475
E09000004,Bexley,51.45823669,0.14622723,London,83.79,80.07,81.93,16.273,0.106,0.077,18.331,-0.561,-0.13,19.754,38.9,4070.0,16.5
E09000005,Brent,51.56441498,-0.27568623,London,85.1,80.82,82.96,25.558,0.155,0.097,15.223,-0.453,0.428,28.694,35.7,7669.0,12.46
E09000006,Bromley,51.37267303,0.0392461,London,85.05,81.64,83.345,14.163,0.091,0.068,10.551,-0.908,-0.038,18.37,40.9,2216.0,17.505
E09000007,Camden,51.54306412,-0.16289474,London,84.8,80.43,82.61500000000001,20.131,0.141,0.091,10.523,-0.556,0.325,33.469,34.0,12274.0,12.022
E09000008,Croydon,51.36598587,-0.07761733,London,83.82,80.13,81.975,22.477,0.136,0.092,15.577,-0.174,0.28,26.027,37.7,4497.0,13.756
E09000009,Ealing,51.52443314,-0.31407198,London,84.61,80.81,82.71000000000001,22.71,0.14,0.091,12.546,-0.326,0.239,30.34,37.1,6104.0,13.12
E09000010,Enfield,51.64888763,-0.08147169,London,84.77,80.86,82.815,25.781,0.171,0.102,20.255,-0.535,0.199,27.479,36.4,4121.0,13.351
E09000011,Greenwich,51.46393967,0.05010693,London,83.3,79.1,81.19999999999999,24.464,0.159,0.102,15.639,-0.021,0.457,24.635,35.0,6126.0,10.543
E09000012,Hackney,51.55492783,-0.0604578,London,83.53,78.64,81.08500000000001,32.526,0.196,0.114,14.972,0.371,0.621,36.053,33.3,14796.0,7.716
E09000013,Hammersmith and Fulham,51.48733139,-0.21735138,London,84.09,79.1,81.595,22.27,0.142,0.094,8.141,-0.05,0.34,35.009,35.0,11571.0,11.002
E09000014,Haringey,51.58771515,-0.10667177,London,84.6,80.23,82.41499999999999,27.956,0.17,0.106,17.6,-0.128,0.732,34.361,35.8,8955.0,10.42
E09000015,Harrow,51.59467316,-0.33603087,London,86.06,82.79,84.42500000000001,15.031,0.109,0.067,8.044,-1.04,-0.143,18.953,38.3,5023.0,15.921
E09000016,Havering,51.56519699,0.23536815,London,83.89,80.16,82.025,16.789,0.108,0.078,22.594,-0.538,0.13,16.749,39.2,2317.0,17.996
E09000017,Hillingdon,51.53663254,-0.44182354,London,84.04,79.69,81.86500000000001,18.223,0.114,0.075,16.402,-0.379,0.235,20.298,36.3,2645.0,13.489
E09000018,Hounslow,51.46244049,-0.37847617,London,83.92,80.1,82.00999999999999,21.487,0.129,0.079,13.287,-0.27,0.373,29.818,36.4,4849.0,12.312
E09000019,Islington,51.54548645,-0.10992447,London,82.97,78.76,80.86500000000001,27.535,0.179,0.111,12.483,0.274,0.607,35.373,31.9,16164.0,8.861
E09000020,Kensington and Chelsea,51.49644089,-0.18976684,London,85.91,81.66,83.785,21.526,0.117,0.08,5.192,-1.243,0.331,42.014,39.9,13011.0,16.044
E09000021,Kingston upon Thames,51.39296341,-0.28367853,London,84.7,81.37,83.035,11.381,0.078,0.053,6.938,-0.963,-0.332,24.718,37.4,4797.0,13.94
E09000022,Lambeth,51.46445465,-0.11385089,London,83.82,79.07,81.445,25.422,0.153,0.093,10.493,0.148,0.532,44.402,33.3,12075.0,8.435
E09000023,Lewisham,51.44231033,-0.01732963,London,83.65,78.84,81.245,26.661,0.164,0.104,13.911,0.067,0.402,36.405,35.2,8738.0,9.478
E09000024,Merton,51.41057968,-0.18867275,London,84.65,81.16,82.905,14.649,0.1,0.064,9.184,-0.615,-0.051,29.557,37.4,5435.0,12.814
E09000025,Newham,51.53147507,0.02728896,London,82.67,78.96,80.815,29.577,0.169,0.093,17.775,-0.03,0.497,32.471,32.3,9809.0,7.71
E09000026,Redbridge,51.58589172,0.07007106,London,85.07,81.19,83.13,17.203,0.121,0.072,11.126,-0.74,0.295,25.177,35.8,5450.0,12.729
E09000027,Richmond upon Thames,51.44035339,-0.28913999,London,85.98,82.39,84.185,9.425,0.064,0.05,3.534,-1.373,-0.07,26.621,41.1,3474.0,15.853
E09000028,Southwark,51.46591949,-0.07306065,London,84.3,78.6,81.44999999999999,25.811,0.162,0.097,11.086,0.112,0.475,35.982,33.6,10994.0,8.509
E09000029,Sutton,51.35756302,-0.17227913,London,84.36,80.72,82.53999999999999,13.987,0.095,0.07,11.953,-0.57,-0.174,21.317,39.5,4690.0,15.325
E09000030,Tower Hamlets,51.51554871,-0.03643243,London,82.28,78.52,80.4,27.913,0.192,0.1,16.934,0.195,0.509,33.213,31.6,16237.0,6.423
E09000031,Waltham Forest,51.59461212,-0.01881788,London,84.26,80.12,82.19,25.209,0.152,0.093,16.968,-0.161,0.406,34.303,35.2,7102.0,10.824
E09000032,Wandsworth,51.45240402,-0.20023112,London,84.13,80.4,82.265,16.611,0.107,0.064,6.649,-0.388,0.118,32.499,34.0,9696.0,9.593
E09000033,Westminster,51.51220703,-0.15295337,London,85.27,81.79,83.53,20.339,0.135,0.088,8.535,-0.855,0.105,40.92,36.3,12444.0,12.486
